address,label_type,source,name,severity
0x3f5ce5fbfe3e9af3971dd833d26ba9b5c936f0be,exchange,etherscan-labels@923aba7,Binance,
0x85b931a32a0725be14285b66f1a22178c672d69b,exchange,etherscan-labels@923aba7,Binance 10,
0x708396f17127c42383e3b9014072679b2f60b82f,exchange,etherscan-labels@923aba7,Binance 11,
0xe0f0cfde7ee664943906f17f7f14342e76a5cec7,exchange,etherscan-labels@923aba7,Binance 12,
0x8f22f2063d253846b53609231ed80fa571bc0c8f,exchange,etherscan-labels@923aba7,Binance 13,
0x28c6c06298d514db089934071355e5743bf21d60,exchange,etherscan-labels@923aba7,Binance 14,
0x21a31ee1afc51d94c2efccaa2092ad1028285549,exchange,etherscan-labels@923aba7,Binance 15,
0xdfd5293d8e347dfe59e90efd55b2956a1343963d,exchange,etherscan-labels@923aba7,Binance 16,
0x56eddb7aa87536c09ccc2793473599fd21a8b17f,exchange,etherscan-labels@923aba7,Binance 17,
0x9696f59e4d72e237be84ffd425dcad154bf96976,exchange,etherscan-labels@923aba7,Binance 18,
0x4d9ff50ef4da947364bb9650892b2554e7be5e2b,exchange,etherscan-labels@923aba7,Binance 19,
0xd551234ae421e3bcba99a0da6d736074f22192ff,exchange,etherscan-labels@923aba7,Binance 2,
0x4976a4a02f38326660d17bf34b431dc6e2eb2327,exchange,etherscan-labels@923aba7,Binance 20,
0xd88b55467f58af508dbfdc597e8ebd2ad2de49b3,exchange,etherscan-labels@923aba7,Binance 21,
0x7dfe9a368b6cf0c0309b763bb8d16da326e8f46e,exchange,etherscan-labels@923aba7,Binance 22,
0x345d8e3a1f62ee6b1d483890976fd66168e390f2,exchange,etherscan-labels@923aba7,Binance 23,
0xc3c8e0a39769e2308869f7461364ca48155d1d9e,exchange,etherscan-labels@923aba7,Binance 24,
0x2e581a5ae722207aa59acd3939771e7c7052dd3d,exchange,etherscan-labels@923aba7,Binance 25,
0x44592b81c05b4c35efb8424eb9d62538b949ebbf,exchange,etherscan-labels@923aba7,Binance 26,
0xa344c7ada83113b3b56941f6e85bf2eb425949f3,exchange,etherscan-labels@923aba7,Binance 27,
0x5a52e96bacdabb82fd05763e25335261b270efcb,exchange,etherscan-labels@923aba7,Binance 28,
0x06a0048079ec6571cd1b537418869cde6191d42d,exchange,etherscan-labels@923aba7,Binance 29,
0x564286362092d8e7936f0549571a803b203aaced,exchange,etherscan-labels@923aba7,Binance 3,
0x892e9e24aea3f27f4c6e9360e312cce93cc98ebe,exchange,etherscan-labels@923aba7,Binance 30,
0x00799bbc833d5b168f0410312d2a8fd9e0e3079c,exchange,etherscan-labels@923aba7,Binance 31,
0x141fef8cd8397a390afe94846c8bd6f4ab981c48,exchange,etherscan-labels@923aba7,Binance 32,
0x50d669f43b484166680ecc3670e4766cdb0945ce,exchange,etherscan-labels@923aba7,Binance 33,
0x2f7e209e0f5f645c7612d7610193fe268f118b28,exchange,etherscan-labels@923aba7,Binance 34,
0xd9d93951896b4ef97d251334ef2a0e39f6f6d7d7,exchange,etherscan-labels@923aba7,Binance 35,
0x19184ab45c40c2920b0e0e31413b9434abd243ed,exchange,etherscan-labels@923aba7,Binance 39,
0x0681d8db095565fe8a346fa0277bffde9c0edbbf,exchange,etherscan-labels@923aba7,Binance 4,
0x294b9b133ca7bc8ed2cdd03ba661a4c6d3a834d9,exchange,etherscan-labels@923aba7,Binance 41,
0x5d7f34372fa8708e09689d400a613eee67f75543,exchange,etherscan-labels@923aba7,Binance 42,
0xfe9e8709d3215310075d67e3ed32a380ccf451c8,exchange,etherscan-labels@923aba7,Binance 5,
0x4e9ce36e442e55ecd9025b9a6e0d88485d628a67,exchange,etherscan-labels@923aba7,Binance 6,
0xbe0eb53f46cd790cd13851d5eff43d12404d33e8,exchange,etherscan-labels@923aba7,Binance 7,
0xf977814e90da44bfa03b6295a0616a897441acec,exchange,etherscan-labels@923aba7,Binance 8,
0x001866ae5b3de6caa5a51543fd9fb64f524f5478,exchange,etherscan-labels@923aba7,Binance 9,
0x8b99f3660622e21f2910ecca7fbe51d654a1517d,exchange,etherscan-labels@923aba7,Binance Charity,
0xab83d182f3485cf1d6ccdd34c7cfef95b4c08da4,exchange,etherscan-labels@923aba7,Binance JEX,
0xc365c3315cf926351ccaf13fa7d19c8c4058c8e1,exchange,etherscan-labels@923aba7,Binance Pool,
0x61189da79177950a7272c88c6058b96d4bcd6be2,exchange,etherscan-labels@923aba7,Binance US,
0x4fabb145d64652a948d72533023f6e7a623c7c53,exchange,etherscan-labels@923aba7,Binance USD,
0x170c7c38419767816cc7ec519da67d1a4dc43826,exchange,etherscan-labels@923aba7,Binance: Deposit 1,
0x9430801ebaf509ad49202aabc5f5bc6fd8a3daf8,exchange,etherscan-labels@923aba7,Binance: Deposit Funder,
0x8f80c66c70cbc52009babb04c1cadf9b40109289,exchange,etherscan-labels@923aba7,Binance: Deposit Funder 2,
0x15ece0d7de25436bcfcf3d62a9085ddc7838aee9,exchange,etherscan-labels@923aba7,Binance: Deposit Funder 3,
0x2f47a1c2db4a3b78cda44eade915c3b19107ddcc,exchange,etherscan-labels@923aba7,Binance: Eth2 Depositor,
0xbdd75a97c29294ff805fb2fee65abd99492b32a8,exchange,etherscan-labels@923aba7,Binance: Eth2 Depositor 2,
0x043a80999cee3711d372fb878768909fbe7f71e6,exchange,etherscan-labels@923aba7,Binance: Industry Recovery Initiative,
0xe79eef9b9388a4ff70ed7ec5bccd5b928ebb8bd1,exchange,etherscan-labels@923aba7,BitMart,
0x68b22215ff74e3606bd5e6c1de8c2d68180c85f7,exchange,etherscan-labels@923aba7,BitMart 2,
0x3ab28ecedea6cdb6feed398e93ae8c7b316b1182,exchange,etherscan-labels@923aba7,BitMart 3,
0x1151314c646ce4e0efd76d1af4760ae66a9fe30f,exchange,etherscan-labels@923aba7,Bitfinex 1,
0x36a85757645e8e8aec062a1dee289c7d615901ca,exchange,etherscan-labels@923aba7,Bitfinex 10,
0xc56fefd1028b0534bfadcdb580d3519b5586246e,exchange,etherscan-labels@923aba7,Bitfinex 11,
0x0b73f67a49273fc4b9a65dbd25d7d0918e734e63,exchange,etherscan-labels@923aba7,Bitfinex 12,
0x482f02e8bc15b5eabc52c6497b425b3ca3c821e8,exchange,etherscan-labels@923aba7,Bitfinex 13,
0xe92d1a43df510f82c66382592a047d288f85226f,exchange,etherscan-labels@923aba7,Bitfinex 19,
0x742d35cc6634c0532925a3b844bc454e4438f44e,exchange,etherscan-labels@923aba7,Bitfinex 2,
0x8103683202aa8da10536036edef04cdd865c225e,exchange,etherscan-labels@923aba7,Bitfinex 20,
0x876eabf441b2ee5b5b0554fd502a8e0600950cfa,exchange,etherscan-labels@923aba7,Bitfinex 3,
0xdcd0272462140d0a3ced6c4bf970c7641f08cd2c,exchange,etherscan-labels@923aba7,Bitfinex 4,
0x4fdd5eb2fb260149a3903859043e962ab89d8ed4,exchange,etherscan-labels@923aba7,Bitfinex 5,
0x1b29dd8ff0eb3240238bf97cafd6edea05d5ba82,exchange,etherscan-labels@923aba7,Bitfinex 6,
0x30a2ebf10f34c6c4874b0bdd5740690fd2f3b70c,exchange,etherscan-labels@923aba7,Bitfinex 7,
0x3f7e77b627676763997344a1ad71acb765fc8ac5,exchange,etherscan-labels@923aba7,Bitfinex 8,
0x59448fe20378357f206880c58068f095ae63d5a5,exchange,etherscan-labels@923aba7,Bitfinex 9,
0x77134cbc06cb00b66f4c7e623d5fdbf6777635ec,exchange,etherscan-labels@923aba7,Bitfinex: Hot Wallet,
0xcafb10ee663f465f9d10588ac44ed20ed608c11e,exchange,etherscan-labels@923aba7,Bitfinex: Old Address 1,
0x7180eb39a6264938fdb3effd7341c4727c382153,exchange,etherscan-labels@923aba7,Bitfinex: Old Address 2,
0x88d34944cf554e9cccf4a24292d891f620e9c94f,exchange,etherscan-labels@923aba7,Bithumb 1,
0x186549a4ae594fc1f70ba4cffdac714b405be3f9,exchange,etherscan-labels@923aba7,Bithumb 10,
0xd273bd546b11bd60214a2f9d71f22a088aafe31b,exchange,etherscan-labels@923aba7,Bithumb 11,
0x558553d54183a8542f7832742e7b4ba9c33aa1e6,exchange,etherscan-labels@923aba7,Bithumb 12,
0x3052cd6bf951449a984fe4b5a38b46aef9455c8e,exchange,etherscan-labels@923aba7,Bithumb 2,
0x2140efd7ba31169c69dfff6cdc66c542f0211825,exchange,etherscan-labels@923aba7,Bithumb 3,
0xa0ff1e0f30b5dda2dc01e7e828290bc72b71e57d,exchange,etherscan-labels@923aba7,Bithumb 4,
0xc1da8f69e4881efe341600620268934ef01a3e63,exchange,etherscan-labels@923aba7,Bithumb 5,
0xb4460b75254ce0563bb68ec219208344c7ea838c,exchange,etherscan-labels@923aba7,Bithumb 6,
0x15878e87c685f866edfaf454be6dc06fa517b35b,exchange,etherscan-labels@923aba7,Bithumb 7,
0x31d03f07178bcd74f9099afebd23b0ae30184ab5,exchange,etherscan-labels@923aba7,Bithumb 8,
0xed48dc0628789c2956b1e41726d062a86ec45bff,exchange,etherscan-labels@923aba7,Bithumb 9,
0x03599a2429871e6be1b154fb9c24691f9d301865,exchange,etherscan-labels@923aba7,Bithumb: Deposit Funder,
0xbb5a0408fa54287b9074a2f47ab54c855e95ef82,exchange,etherscan-labels@923aba7,Bithumb: Old Address 1,
0x5521a68d4f8253fc44bfb1490249369b3e299a4a,exchange,etherscan-labels@923aba7,Bithumb: Old Address 2,
0x8fa8af91c675452200e49b4683a33ca2e1a34e42,exchange,etherscan-labels@923aba7,Bithumb: Old Address 3,
0x3b83cd1a8e516b6eb9f1af992e9354b15a6f9672,exchange,etherscan-labels@923aba7,Bithumb: Old Address 4,
0x00bdb5699745f5b860228c8f939abf1b9ae374ed,exchange,etherscan-labels@923aba7,Bitstamp 1,
0x1522900b6dafac587d499a862861c0869be6e428,exchange,etherscan-labels@923aba7,Bitstamp 2,
0x9a9bed3eb03e386d66f8a29dc67dc29bbb1ccb72,exchange,etherscan-labels@923aba7,Bitstamp 3,
0x059799f2261d37b829c2850cee67b5b975432271,exchange,etherscan-labels@923aba7,Bitstamp 4,
0x4c766def136f59f6494f0969b1355882080cf8e0,exchange,etherscan-labels@923aba7,Bitstamp 5,
0xc5b611f502a0dcf6c3188fd494061ae29b2baa4f,exchange,etherscan-labels@923aba7,Bitstamp 6,
0xfca70e67b3f93f679992cd36323eeb5a5370c8e4,exchange,etherscan-labels@923aba7,Bitstamp: Old Address 1,
0xfbb1b73c4f0bda4f67dca266ce6ef42f520fbb98,exchange,etherscan-labels@923aba7,Bittrex,
0xe94b04a0fed112f3664e45adb2b8915693dd5ff3,exchange,etherscan-labels@923aba7,Bittrex 2,
0x66f820a414680b5bcda5eeca5dea238543f42054,exchange,etherscan-labels@923aba7,Bittrex 3,
0x25eaff5b179f209cf186b1cdcbfa463a69df4c45,exchange,etherscan-labels@923aba7,Blockfolio,
0x71660c4005ba85c37ccec55d0c4493e66fe775d3,exchange,etherscan-labels@923aba7,Coinbase 1,
0xa9d1e08c7793af67e9d92fe308d5697fb81d3e43,exchange,etherscan-labels@923aba7,Coinbase 10,
0x77696bb39917c91a0c3908d577d5e322095425ca,exchange,etherscan-labels@923aba7,Coinbase 11,
0x7c195d981abfdc3ddecd2ca0fed0958430488e34,exchange,etherscan-labels@923aba7,Coinbase 12,
0x95a9bd206ae52c4ba8eecfc93d18eacdd41c88cc,exchange,etherscan-labels@923aba7,Coinbase 13,
0xb739d0895772dbb71a89a3754a160269068f0d45,exchange,etherscan-labels@923aba7,Coinbase 14,
0x503828976d22510aad0201ac7ec88293211d23da,exchange,etherscan-labels@923aba7,Coinbase 2,
0xddfabcdc4d8ffc6d5beaf154f18b778f892a0740,exchange,etherscan-labels@923aba7,Coinbase 3,
0x3cd751e6b0078be393132286c442345e5dc49699,exchange,etherscan-labels@923aba7,Coinbase 4,
0xb5d85cbf7cb3ee0d56b3bb207d5fc4b82f43f511,exchange,etherscan-labels@923aba7,Coinbase 5,
0xeb2629a2734e272bcc07bda959863f316f4bd4cf,exchange,etherscan-labels@923aba7,Coinbase 6,
0xd688aea8f7d450909ade10c47faa95707b0682d9,exchange,etherscan-labels@923aba7,Coinbase 7,
0x02466e547bfdab679fc49e96bbfc62b9747d997c,exchange,etherscan-labels@923aba7,Coinbase 8,
0x6b76f8b1e9e59913bfe758821887311ba1805cab,exchange,etherscan-labels@923aba7,Coinbase 9,
0xd2276af80582cac230edc4c42e9a9c096f3c09aa,exchange,etherscan-labels@923aba7,Coinbase: Deposit 1,
0xa090e606e30bd747d4e6245a1517ebe430f0057e,exchange,etherscan-labels@923aba7,Coinbase: Miscellaneous,
0x6262998ced04146fa42253a5c0af90ca02dfd2a3,exchange,etherscan-labels@923aba7,Crypto.com,
0x46340b20830761efd32832a74d7169b29feb9758,exchange,etherscan-labels@923aba7,Crypto.com 2,
0x72a53cdbbcc1b9efa39c834a540550e23463aacb,exchange,etherscan-labels@923aba7,Crypto.com 3,
0x7758e507850da48cd47df1fb5f875c23e3340c50,exchange,etherscan-labels@923aba7,Crypto.com 4,
0xcffad3200574698b78f32232aa9d63eabd290703,exchange,etherscan-labels@923aba7,Crypto.com 5,
0xae45a8240147e6179ec7c9f92c5a18f9a97b3fca,exchange,etherscan-labels@923aba7,Crypto.com: Deposit Funder,
0xdc4c0fda463435d19962e8dd465d5eba86fd02ec,exchange,etherscan-labels@923aba7,Crypto.com: MCO Wallet,
0xabdf147870235fcfc34153828c769a70b3fae01f,exchange,etherscan-labels@923aba7,EURT:undefined,
0x2faf487a4414fe77e2327f0bf4ae2a264a776ad2,exchange,etherscan-labels@923aba7,FTX Exchange,
0xc098b2a3aa256d2140208c3de6543aaef5cd3a94,exchange,etherscan-labels@923aba7,FTX Exchange 2,
0x7abe0ce388281d2acf297cb089caef3819b13448,exchange,etherscan-labels@923aba7,FTX US,
0x02412e9a81a98829716588f80458c8bf593cadc0,exchange,etherscan-labels@923aba7,FTX: Deposit,
0x0d0707963952f2fba59dd06f2b425ace40b492fe,exchange,etherscan-labels@923aba7,Gate.io,
0x7793cd85c11a924478d358d49b05b37e91b5810f,exchange,etherscan-labels@923aba7,Gate.io 2,
0x1c4b70a3968436b9a0a9cf5205c787eb81bb558c,exchange,etherscan-labels@923aba7,Gate.io 3,
0x234ee9e35f8e9749a002fc42970d570db716453b,exchange,etherscan-labels@923aba7,Gate.io 4,
0xc882b111a75c0c657fc507c04fbfcd2cc984f071,exchange,etherscan-labels@923aba7,Gate.io 5,
0x6596da8b65995d5feacff8c2936f0b7a2051b0d0,exchange,etherscan-labels@923aba7,Gate.io: Deposit Funder,
0xd24400ae8bfebb18ca49be86258a3c749cf46853,exchange,etherscan-labels@923aba7,Gemini,
0x6fc82a5fe25a5cdb58bc74600a40a69c065263f8,exchange,etherscan-labels@923aba7,Gemini 2,
0x61edcdf5bb737adffe5043706e7c5bb1f1a56eea,exchange,etherscan-labels@923aba7,Gemini 3,
0x5f65f7b609678448494de4c87521cdf6cef1e932,exchange,etherscan-labels@923aba7,Gemini 4,
0xb302bfe9c246c6e150af70b1caaa5e3df60dac05,exchange,etherscan-labels@923aba7,Gemini 5,
0x8d6f396d210d385033b348bcae9e4f9ea4e045bd,exchange,etherscan-labels@923aba7,Gemini 6,
0xd69b0089d9ca950640f5dc9931a41a5965f00303,exchange,etherscan-labels@923aba7,Gemini 7,
0x9c67e141c0472115aa1b98bd0088418be68fd249,exchange,etherscan-labels@923aba7,HitBTC 1,
0x59a5208b32e627891c389ebafc644145224006e8,exchange,etherscan-labels@923aba7,HitBTC 2,
0xa12431d0b9db640034b0cdfceef9cce161e62be4,exchange,etherscan-labels@923aba7,HitBTC 3,
0xfdeda15e2922c5ed41fc1fdf36da2fb2623666b3,exchange,etherscan-labels@923aba7,HitBTC: Deposit Funder,
0xad68942a95fdd56594aa5cf862b358790e37834c,exchange,etherscan-labels@923aba7,HitBTC: Deposit Funder 2,
0x0113a6b755fbad36b4249fd63002e2035e401143,exchange,etherscan-labels@923aba7,HitBTC: Deposit Funder 3,
0xab5c66752a9e8167967685f1450532fb96d5d24f,exchange,etherscan-labels@923aba7,Huobi 1,
0xe93381fb4c4f14bda253907b18fad305d799241a,exchange,etherscan-labels@923aba7,Huobi 10,
0xfa4b5be3f2f84f56703c42eb22142744e95a2c58,exchange,etherscan-labels@923aba7,Huobi 11,
0x46705dfff24256421a05d056c29e81bdc09723b8,exchange,etherscan-labels@923aba7,Huobi 12,
0x32598293906b5b17c27d657db3ad2c9b3f3e4265,exchange,etherscan-labels@923aba7,Huobi 13,
0x5861b8446a2f6e19a067874c133f04c578928727,exchange,etherscan-labels@923aba7,Huobi 14,
0x926fc576b7facf6ae2d08ee2d4734c134a743988,exchange,etherscan-labels@923aba7,Huobi 15,
0xeec606a66edb6f497662ea31b5eb1610da87ab5f,exchange,etherscan-labels@923aba7,Huobi 16,
0x7ef35bb398e0416b81b019fea395219b65c52164,exchange,etherscan-labels@923aba7,Huobi 17,
0x229b5c097f9b35009ca1321ad2034d4b3d5070f6,exchange,etherscan-labels@923aba7,Huobi 18,
0xd8a83b72377476d0a66683cde20a8aad0b628713,exchange,etherscan-labels@923aba7,Huobi 19,
0x6748f50f686bfbca6fe8ad62b22228b87f31ff2b,exchange,etherscan-labels@923aba7,Huobi 2,
0x90e9ddd9d8d5ae4e3763d0cf856c97594dea7325,exchange,etherscan-labels@923aba7,Huobi 20,
0x30741289523c2e4d2a62c7d6722686d14e723851,exchange,etherscan-labels@923aba7,Huobi 21,
0x6f48a3e70f0251d1e83a989e62aaa2281a6d5380,exchange,etherscan-labels@923aba7,Huobi 22,
0xf056f435ba0cc4fcd2f1b17e3766549ffc404b94,exchange,etherscan-labels@923aba7,Huobi 23,
0x137ad9c4777e1d36e4b605e745e8f37b2b62e9c5,exchange,etherscan-labels@923aba7,Huobi 24,
0x5401dbf7da53e1c9dbf484e3d69505815f2f5e6e,exchange,etherscan-labels@923aba7,Huobi 25,
0x034f854b44d28e26386c1bc37ff9b20c6380b00d,exchange,etherscan-labels@923aba7,Huobi 26,
0x0577a79cfc63bbc0df38833ff4c4a3bf2095b404,exchange,etherscan-labels@923aba7,Huobi 27,
0x0c6c34cdd915845376fb5407e0895196c9dd4eec,exchange,etherscan-labels@923aba7,Huobi 28,
0x794d28ac31bcb136294761a556b68d2634094153,exchange,etherscan-labels@923aba7,Huobi 29,
0xfdb16996831753d5331ff813c29a93c76834a0ad,exchange,etherscan-labels@923aba7,Huobi 3,
0x34189c75cbb13bdb4f5953cda6c3045cfca84a9e,exchange,etherscan-labels@923aba7,Huobi 30,
0xb4cd0386d2db86f30c1a11c2b8c4f4185c1dade9,exchange,etherscan-labels@923aba7,Huobi 31,
0x4d77a1144dc74f26838b69391a6d3b1e403d0990,exchange,etherscan-labels@923aba7,Huobi 32,
0x28ffe35688ffffd0659aee2e34778b0ae4e193ad,exchange,etherscan-labels@923aba7,Huobi 33,
0xcac725bef4f114f728cbcfd744a731c2a463c3fc,exchange,etherscan-labels@923aba7,Huobi 34,
0x73f8fc2e74302eb2efda125a326655acf0dc2d1b,exchange,etherscan-labels@923aba7,Huobi 35,
0x0a98fb70939162725ae66e626fe4b52cff62c2e5,exchange,etherscan-labels@923aba7,Huobi 36,
0xf66852bc122fd40bfecc63cd48217e88bda12109,exchange,etherscan-labels@923aba7,Huobi 37,
0x49517ca7b7a50f592886d4c74175f4c07d460a70,exchange,etherscan-labels@923aba7,Huobi 38,
0x58c2cb4a6bee98c309215d0d2a38d7f8aa71211c,exchange,etherscan-labels@923aba7,Huobi 39,
0xeee28d484628d41a82d01e21d12e2e78d69920da,exchange,etherscan-labels@923aba7,Huobi 4,
0x39d9f4640b98189540a9c0edcfa95c5e657706aa,exchange,etherscan-labels@923aba7,Huobi 40,
0x5c985e89dde482efe97ea9f1950ad149eb73829b,exchange,etherscan-labels@923aba7,Huobi 5,
0xdc76cd25977e0a5ae17155770273ad58648900d3,exchange,etherscan-labels@923aba7,Huobi 6,
0xadb2b42f6bd96f5c65920b9ac88619dce4166f94,exchange,etherscan-labels@923aba7,Huobi 7,
0xa8660c8ffd6d578f657b72c0c811284aef0b735e,exchange,etherscan-labels@923aba7,Huobi 8,
0x1062a747393198f70f71ec65a582423dba7e5ab3,exchange,etherscan-labels@923aba7,Huobi 9,
0x9d6d492bd500da5b33cf95a5d610a73360fcaaa0,exchange,etherscan-labels@923aba7,Huobi Mining Pool,
0xe0d513cf39b52a09aefcef25e91dda3a2636329a,exchange,etherscan-labels@923aba7,Huobi: Deposit,
0xfd54078badd5653571726c3370afb127351a6f26,exchange,etherscan-labels@923aba7,Huobi: Deposit Funder,
0x18916e1a2933cb349145a280473a5de8eb6630cb,exchange,etherscan-labels@923aba7,Huobi: Deposit Funder 2,
0xdb0e89a9b003a28a4055ef772e345e8089987bfd,exchange,etherscan-labels@923aba7,Huobi: Deposit Funder 3,
0xf0458aaaf6d49192d3b4711960635d5fa2114e71,exchange,etherscan-labels@923aba7,Huobi: Deposit Funder 4,
0x07ef60deca209ea0f3f3f08c1ad21a6db5ef9d33,exchange,etherscan-labels@923aba7,Huobi: Deposit Funder 5,
0x1d1e10e8c66b67692f4c002c0cb334de5d485e41,exchange,etherscan-labels@923aba7,Huobi: Old Address 1,
0xea0cfef143182d7b9208fbfeda9d172c2aced972,exchange,etherscan-labels@923aba7,Huobi: Old Address 10,
0x0c92efa186074ba716d0e2156a6ffabd579f8035,exchange,etherscan-labels@923aba7,Huobi: Old Address 11,
0x91dfa9d9e062a50d2f351bfba0d35a9604993dac,exchange,etherscan-labels@923aba7,Huobi: Old Address 12,
0x8e8bc99b79488c276d6f3ca11901e9abd77efea4,exchange,etherscan-labels@923aba7,Huobi: Old Address 13,
0xb9a4873d8d2c22e56b8574e8605644d08e047549,exchange,etherscan-labels@923aba7,Huobi: Old Address 14,
0x170af0a02339743687afd3dc8d48cffd1f660728,exchange,etherscan-labels@923aba7,Huobi: Old Address 15,
0xf775a9a0ad44807bc15936df0ee68902af1a0eee,exchange,etherscan-labels@923aba7,Huobi: Old Address 16,
0x75a83599de596cbc91a1821ffa618c40e22ac8ca,exchange,etherscan-labels@923aba7,Huobi: Old Address 17,
0x48ab9f29795dfb44b36587c50da4b30c0e84d3ed,exchange,etherscan-labels@923aba7,Huobi: Old Address 18,
0x90f49e24a9554126f591d28174e157ca267194ba,exchange,etherscan-labels@923aba7,Huobi: Old Address 19,
0x1b93129f05cc2e840135aab154223c75097b69bf,exchange,etherscan-labels@923aba7,Huobi: Old Address 2,
0xe3314bbf3334228b257779e28228cfb86fa4261b,exchange,etherscan-labels@923aba7,Huobi: Old Address 20,
0x6edb9d6547befc3397801c94bb8c97d2e8087e2f,exchange,etherscan-labels@923aba7,Huobi: Old Address 21,
0x8aabba0077f1565df73e9d15dd3784a2b0033dad,exchange,etherscan-labels@923aba7,Huobi: Old Address 22,
0xd3a2f775e973c1671f2047e620448b8662dcd3ca,exchange,etherscan-labels@923aba7,Huobi: Old Address 23,
0x1c515eaa87568c850043a89c2d2c2e8187adb056,exchange,etherscan-labels@923aba7,Huobi: Old Address 24,
0x60b45f993223dcb8bdf05e3391f7630e5a51d787,exchange,etherscan-labels@923aba7,Huobi: Old Address 25,
0xa23d7dd4b8a1060344caf18a29b42350852af481,exchange,etherscan-labels@923aba7,Huobi: Old Address 26,
0x9eebb2815dba2166d8287afa9a2c89336ba9deaa,exchange,etherscan-labels@923aba7,Huobi: Old Address 27,
0xd10e08325c0e95d59c607a693483680fe5b755b3,exchange,etherscan-labels@923aba7,Huobi: Old Address 28,
0xc837f51a0efa33f8eca03570e3d01a4b2cf97ffd,exchange,etherscan-labels@923aba7,Huobi: Old Address 29,
0xeb6d43fe241fb2320b5a3c9be9cdfd4dd8226451,exchange,etherscan-labels@923aba7,Huobi: Old Address 3,
0xf7a8af16acb302351d7ea26ffc380575b741724c,exchange,etherscan-labels@923aba7,Huobi: Old Address 30,
0x636b76ae213358b9867591299e5c62b8d014e372,exchange,etherscan-labels@923aba7,Huobi: Old Address 31,
0x9a755332d874c893111207b0b220ce2615cd036f,exchange,etherscan-labels@923aba7,Huobi: Old Address 32,
0xecd8b3877d8e7cd0739de18a5b545bc0b3538566,exchange,etherscan-labels@923aba7,Huobi: Old Address 33,
0xef54f559b5e3b55b783c7bc59850f83514b6149c,exchange,etherscan-labels@923aba7,Huobi: Old Address 34,
0x956e0dbecc0e873d34a5e39b25f364b2ca036730,exchange,etherscan-labels@923aba7,Huobi: Old Address 4,
0x6f50c6bff08ec925232937b204b0ae23c488402a,exchange,etherscan-labels@923aba7,Huobi: Old Address 5,
0xdf95de30cdff4381b69f9e4fa8dddce31a0128df,exchange,etherscan-labels@923aba7,Huobi: Old Address 6,
0x25c6459e5c5b01694f6453e8961420ccd1edf3b1,exchange,etherscan-labels@923aba7,Huobi: Old Address 7,
0x04645af26b54bd85dc02ac65054e87362a72cb22,exchange,etherscan-labels@923aba7,Huobi: Old Address 8,
0xb2a48f542dc56b89b24c04076cbe565b3dc58e7b,exchange,etherscan-labels@923aba7,Huobi: Old Address 9,
0x2910543af39aba0cd09dbb2d50200b3e800a63d2,exchange,etherscan-labels@923aba7,Kraken,
0xae2d4617c862309a3d75a0ffb358c7a5009c673f,exchange,etherscan-labels@923aba7,Kraken 10,
0x43984d578803891dfa9706bdeee6078d80cfc79e,exchange,etherscan-labels@923aba7,Kraken 11,
0x66c57bf505a85a74609d2c83e94aabb26d691e1f,exchange,etherscan-labels@923aba7,Kraken 12,
0xda9dfa130df4de4673b89022ee50ff26f6ea73cf,exchange,etherscan-labels@923aba7,Kraken 13,
0xa83b11093c858c86321fbc4c20fe82cdbd58e09e,exchange,etherscan-labels@923aba7,Kraken 14,
0x0a869d79a7052c7f1b55a8ebabbea3420f0d1e13,exchange,etherscan-labels@923aba7,Kraken 2,
0xe853c56864a2ebe4576a807d26fdc4a0ada51919,exchange,etherscan-labels@923aba7,Kraken 3,
0x267be1c1d684f78cb4f6a176c4911b741e4ffdc0,exchange,etherscan-labels@923aba7,Kraken 4,
0xfa52274dd61e1643d2205169732f29114bc240b3,exchange,etherscan-labels@923aba7,Kraken 5,
0x53d284357ec70ce289d6d64134dfac8e511c8a3d,exchange,etherscan-labels@923aba7,Kraken 6,
0x89e51fa8ca5d66cd220baed62ed01e8951aa7c40,exchange,etherscan-labels@923aba7,Kraken 7,
0xc6bed363b30df7f35b601a5547fe56cd31ec63da,exchange,etherscan-labels@923aba7,Kraken 8,
0x29728d0efd284d85187362faa2d4d76c2cfc2612,exchange,etherscan-labels@923aba7,Kraken 9,
0xe9f7ecae3a53d2a67105292894676b00d1fab785,exchange,etherscan-labels@923aba7,Kraken: Hot Wallet,
0x2b5634c42055806a59e9107ed44d43c426e58258,exchange,etherscan-labels@923aba7,KuCoin,
0xcad621da75a66c7a8f4ff86d30a2bf981bfc8fdd,exchange,etherscan-labels@923aba7,KuCoin 10,
0xec30d02f10353f8efc9601371f56e808751f396f,exchange,etherscan-labels@923aba7,KuCoin 11,
0x738cf6903e6c4e699d1c2dd9ab8b67fcdb3121ea,exchange,etherscan-labels@923aba7,KuCoin 12,
0xd89350284c7732163765b23338f2ff27449e0bf5,exchange,etherscan-labels@923aba7,KuCoin 13,
0x88bd4d3e2997371bceefe8d9386c6b5b4de60346,exchange,etherscan-labels@923aba7,KuCoin 14,
0xb8e6d31e7b212b2b7250ee9c26c56cebbfbe6b23,exchange,etherscan-labels@923aba7,KuCoin 15,
0x689c56aef474df92d44a1b70850f808488f9769c,exchange,etherscan-labels@923aba7,KuCoin 2,
0xa1d8d972560c2f8144af871db508f0b0b10a3fbf,exchange,etherscan-labels@923aba7,KuCoin 3,
0x4ad64983349c49defe8d7a4686202d24b25d0ce8,exchange,etherscan-labels@923aba7,KuCoin 4,
0x1692e170361cefd1eb7240ec13d048fd9af6d667,exchange,etherscan-labels@923aba7,KuCoin 5,
0xd6216fc19db775df9774a6e33526131da7d19a2c,exchange,etherscan-labels@923aba7,KuCoin 6,
0x899b5d52671830f567bf43a14684eb14e1f945fe,exchange,etherscan-labels@923aba7,KuCoin 8,
0xf16e9b0d03470827a95cdfd0cb8a8a3b46969b91,exchange,etherscan-labels@923aba7,KuCoin 9,
0x061f7937b7b2bc7596539959804f86538b6368dc,exchange,etherscan-labels@923aba7,KuCoin: Deposit Funder,
0xe59cd29be3be4461d79c0881d238cbe87d64595a,exchange,etherscan-labels@923aba7,Kucoin 7,
0x6cc5f688a315f3dc28a7781717a9a798a59fda7b,exchange,etherscan-labels@923aba7,OKX,
0xc5451b523d5fffe1351337a221688a62806ad91a,exchange,etherscan-labels@923aba7,OKX 10,
0x42436286a9c8d63aafc2eebbca193064d68068f2,exchange,etherscan-labels@923aba7,OKX 11,
0x69a722f0b5da3af02b4a205d6f0c285f4ed8f396,exchange,etherscan-labels@923aba7,OKX 12,
0xc708a1c712ba26dc618f972ad7a187f76c8596fd,exchange,etherscan-labels@923aba7,OKX 13,
0x6fb624b48d9299674022a23d92515e76ba880113,exchange,etherscan-labels@923aba7,OKX 14,
0xf59869753f41db720127ceb8dbb8afaf89030de4,exchange,etherscan-labels@923aba7,OKX 15,
0x65a0947ba5175359bb457d3b34491edf4cbf7997,exchange,etherscan-labels@923aba7,OKX 16,
0x4d19c0a5357bc48be0017095d3c871d9afc3f21d,exchange,etherscan-labels@923aba7,OKX 17,
0x5c52cc7c96bde8594e5b77d5b76d042cb5fae5f2,exchange,etherscan-labels@923aba7,OKX 18,
0xe9172daf64b05b26eb18f07ac8d6d723acb48f99,exchange,etherscan-labels@923aba7,OKX 19,
0x236f9f97e0e62388479bf9e5ba4889e46b0273c3,exchange,etherscan-labels@923aba7,OKX 2,
0x7eb6c83ab7d8d9b8618c0ed973cbef71d1921ef2,exchange,etherscan-labels@923aba7,OKX 20,
0xa7efae728d2936e78bda97dc267687568dd593f3,exchange,etherscan-labels@923aba7,OKX 3,
0x2c8fbb630289363ac80705a1a61273f76fd5a161,exchange,etherscan-labels@923aba7,OKX 4,
0x59fae149a8f8ec74d5bc038f8b76d25b136b9573,exchange,etherscan-labels@923aba7,OKX 5,
0x98ec059dc3adfbdd63429454aeb0c990fba4a128,exchange,etherscan-labels@923aba7,OKX 6,
0x5041ed759dd4afc3a72b8192c143f72f4724081a,exchange,etherscan-labels@923aba7,OKX 7,
0xcba38020cd7b6f51df6afaf507685add148f6ab6,exchange,etherscan-labels@923aba7,OKX 8,
0x461249076b88189f8ac9418de28b365859e46bfd,exchange,etherscan-labels@923aba7,OKX 9,
0xc5a93444cc4da6efb9e6fc6e5d3cb55a53b52396,exchange,etherscan-labels@923aba7,OKX: Deposit Funder,
0x89fd00b8d2dcee0f40d8699970115bb861241a54,exchange,etherscan-labels@923aba7,OKX: Deposit Funder 3,
0xaad8ad7dfa05bc354e011890dd61636842c2cb96,exchange,etherscan-labels@923aba7,OKX: Deposit Funder 4,
0x24c654f6b143dc5cae3c02fbb527ca63aa555dbc,exchange,etherscan-labels@923aba7,OKX: Deposit Supplier,
0x32be343b94f860124dc4fee278fdcbd38c102d88,exchange,etherscan-labels@923aba7,Poloniex,
0x209c4784ab1e8183cf58ca33cb740efbf3fc18ef,exchange,etherscan-labels@923aba7,Poloniex 2,
0xb794f5ea0ba39494ce839613fffba74279579268,exchange,etherscan-labels@923aba7,Poloniex 3,
0xa910f92acdaf488fa6ef02174fb86208ad7722ba,exchange,etherscan-labels@923aba7,Poloniex 4,
0xaa9fa73dfe17ecaa2c89b39f0bb2779613c5fc3b,exchange,etherscan-labels@923aba7,Poloniex: BAT,
0x2fa2bc2ce6a4f92952921a4caa46b3727d24a1ec,exchange,etherscan-labels@923aba7,Poloniex: BNT,
0x31a2feb9b5d3b5f4e76c71d6c92fc46ebb3cb1c1,exchange,etherscan-labels@923aba7,Poloniex: CVC,
0x6b71834d65c5c4d8ed158d54b47e6ea4ff4e5437,exchange,etherscan-labels@923aba7,Poloniex: FOAM,
0x48d466b7c0d32b61e8a82cd2bcf060f7c3f966df,exchange,etherscan-labels@923aba7,Poloniex: GNO,
0x0536806df512d6cdde913cf95c9886f65b1d3462,exchange,etherscan-labels@923aba7,Poloniex: GNT,
0x8d451ae5ee8f557a9ce7a9d7be8a8cb40002d5cb,exchange,etherscan-labels@923aba7,Poloniex: KNC,
0xbd2ec7c608a06fe975dbdca729e84dedb34ecc21,exchange,etherscan-labels@923aba7,Poloniex: LOOM,
0xc0e30823e5e628df8bc9bf2636a347e1512f0ecb,exchange,etherscan-labels@923aba7,Poloniex: MANA,
0x65f9b2e4d7aaeb40ffea8c6f5844d5ad7da257e0,exchange,etherscan-labels@923aba7,Poloniex: NXC,
0x36b01066b7fa4a0fdb2968ea0256c848e9135674,exchange,etherscan-labels@923aba7,Poloniex: OMG,
0xab11204cfeaccffa63c2d23aef2ea9accdb0a0d5,exchange,etherscan-labels@923aba7,Poloniex: REP,
0x6795cf8eb25585eadc356ae32ac6641016c550f2,exchange,etherscan-labels@923aba7,Poloniex: SNT,
0xfbf2173154f7625713be22e0504404ebfe021eae,exchange,etherscan-labels@923aba7,Poloniex: STORJ,
0x6f803466bcd17f44fa18975bf7c509ba64bf3825,exchange,etherscan-labels@923aba7,Poloniex: USDC,
0xead6be34ce315940264519f250d8160f369fa5cd,exchange,etherscan-labels@923aba7,Poloniex: ZRX,
0x5754284f345afc66a98fbb0a0afe71e0f007b949,exchange,etherscan-labels@923aba7,Tether: Treasury,
0xdac17f958d2ee523a2206206994597c13d831ec7,exchange,etherscan-labels@923aba7,Tether: USDT Stablecoin,
0x390de26d772d2e2005c6d1d24afc902bae37a4bb,exchange,etherscan-labels@923aba7,Upbit,
0xba826fec90cefdf6706858e5fbafcb27a290fbe0,exchange,etherscan-labels@923aba7,Upbit 2,
0x5e032243d507c743b061ef021e2ec7fcc6d3ab89,exchange,etherscan-labels@923aba7,Upbit 3,
0xc9cf0ec93d764f5c9571fd12f764bae7fc87c84e,exchange,etherscan-labels@923aba7,Upbit: Cold Wallet,
0xb3f923eabaf178fc1bd8e13902fc5c61d3ddef5b,exchange,etherscan-labels@923aba7,Wintermute: Binance Deposit,
0x12d66f87a04a9e220743712ce6d9bb1b5616b8fc,mixer,etherscan-labels@923aba7,Tornado.Cash: 0.1 ETH,
0x178169b423a011fff22b9e3f3abea13414ddd0f1,mixer,etherscan-labels@923aba7,Tornado.Cash: 0.1 WBTC,
0x47ce0c6ed5b0ce3d3a51fdb1c52dc66a7c3c2936,mixer,etherscan-labels@923aba7,Tornado.Cash: 1 ETH,
0x610b717796ad172b316836ac95a2ffad065ceab4,mixer,etherscan-labels@923aba7,Tornado.Cash: 1 WBTC,
0x4736dcf1b7a3d580672cce6e7c65cd5cc9cfba9d,mixer,etherscan-labels@923aba7,"Tornado.Cash: 1,00 USDC",
0xfd8610d20aa15b7b2e3be39b396a1bc3516c7144,mixer,etherscan-labels@923aba7,"Tornado.Cash: 1,000 DAI",
0xd96f2b1c14db8458374d9aca76e26c3d18364307,mixer,etherscan-labels@923aba7,"Tornado.Cash: 1,000 USDC",
0x0836222f2b2b24a3f36f98668ed8f0b38d1a872f,mixer,etherscan-labels@923aba7,"Tornado.Cash: 1,000 USDT",
0x910cbd523d972eb0a6f4cae4618ad62622b39dbf,mixer,etherscan-labels@923aba7,Tornado.Cash: 10 ETH,
0xbb93e510bbcd0b7beb5a853875f9ec60275cf498,mixer,etherscan-labels@923aba7,Tornado.Cash: 10 WBTC,
0xf60dd140cff0706bae9cd734ac3ae76ad9ebc32a,mixer,etherscan-labels@923aba7,"Tornado.Cash: 10,000 DAI",
0x07687e702b410fa43f4cb4af7fa097918ffd2730,mixer,etherscan-labels@923aba7,"Tornado.Cash: 10,000 DAI 2",
0xd691f27f38b395864ea86cfc7253969b409c362d,mixer,etherscan-labels@923aba7,"Tornado.Cash: 10,000 USDC",
0xf67721a2d8f736e75a49fdd7fad2e31d8676542a,mixer,etherscan-labels@923aba7,"Tornado.Cash: 10,000 USDT",
0xd4b88df4d29f5cedd6857912842cff3b20c8cfa3,mixer,etherscan-labels@923aba7,Tornado.Cash: 100 DAI,
0xa160cdab225685da1d56aa342ad8841c3b53f291,mixer,etherscan-labels@923aba7,Tornado.Cash: 100 ETH,
0x169ad27a470d064dede56a2d3ff727986b15d52b,mixer,etherscan-labels@923aba7,Tornado.Cash: 100 USDT,
0x23773e65ed146a459791799d01336db287f25334,mixer,etherscan-labels@923aba7,"Tornado.Cash: 100,000 DAI",
0x9ad122c22b14202b4490edaf288fdb3c7cb3ff5e,mixer,etherscan-labels@923aba7,"Tornado.Cash: 100,000 USDT",
0x22aaa7720ddd5388a3c0a3333430953c68f1849b,mixer,etherscan-labels@923aba7,"Tornado.Cash: 5,000 cDAI",
0xaeaac358560e11f52454d997aaff2c5731b6f8a6,mixer,etherscan-labels@923aba7,"Tornado.Cash: 5,000 cUSDC",
0xd21be7248e0197ee08e0c20d4a96debdac3d20af,mixer,etherscan-labels@923aba7,"Tornado.Cash: 5,000,000 cDAI",
0xba214c1c1928a32bffe790263e38b4af9bfcd659,mixer,etherscan-labels@923aba7,"Tornado.Cash: 50,000 cDAI",
0x1356c899d8c9467c7f71c195612f8a395abf2f0a,mixer,etherscan-labels@923aba7,"Tornado.Cash: 50,000 cUSDC",
0xb1c8094b234dce6e03f10a5b673c1d8c69739a00,mixer,etherscan-labels@923aba7,"Tornado.Cash: 500,000 cDAI",
0x2717c5e28cf931547b621a5dddb772ab6a35b701,mixer,etherscan-labels@923aba7,"Tornado.Cash: 500,000 cDAI 2",
0xa60c772958a3ed56c1f15dd055ba37ac8e523a0d,mixer,etherscan-labels@923aba7,"Tornado.Cash: 500,000 cUSDC",
0x94a1b5cdb22c43faab4abeb5c74999895464ddaf,mixer,etherscan-labels@923aba7,Tornado.Cash: Mixer 1,
0xb541fc07bc7619fd4062a54d96268525cbc6ffef,mixer,etherscan-labels@923aba7,Tornado.Cash: Mixer 2,
0x905b63fff465b9ffbf41dea908ceb12478ec7601,mixer,etherscan-labels@923aba7,Tornado.Cash: Old Proxy,
0x722122df12d4e14e13ac3b6895a86e84145b6967,mixer,etherscan-labels@923aba7,Tornado.Cash: Proxy,
0xd90e2f925da726b50c4ed8d0fb90ad053324f31b,mixer,etherscan-labels@923aba7,Tornado.Cash: Router,
